symbol,column,value,status,note
V,DFT LDA Etot,-941.678904,verified,"Sheet had Sc's LDA values. NIST SRD 141, vanadium."
V,DFT LDA Ekin,940.377057,verified,"Sheet had Sc's LDA values. NIST SRD 141, vanadium."
V,DFT LDA Ecoul,395.162964,verified,"Sheet had Sc's LDA values. NIST SRD 141, vanadium."
V,DFT LDA Eenuc,-2234.347114,verified,"Sheet had Sc's LDA values. NIST SRD 141, vanadium."
V,DFT LDA Exc,-42.871811,verified,"Sheet had Sc's LDA values. NIST SRD 141, vanadium."
Pm,DFT LDA Etot,-9651.484134,verified,"Sheet had Pr's values. NIST SRD 141, promethium."
Pm,DFT LDA Ekin,9647.133137,verified,"Sheet had Pr's values. NIST SRD 141, promethium."
Pm,DFT LDA Ecoul,3806.516511,verified,"Sheet had Pr's values. NIST SRD 141, promethium."
Pm,DFT LDA Eenuc,-22890.942295,verified,"Sheet had Pr's values. NIST SRD 141, promethium."
Pm,DFT LDA Exc,-214.191488,verified,"Sheet had Pr's values. NIST SRD 141, promethium."
Pm,DFT LSD Etot,-9651.636319,verified,"Sheet had Pr's values. NIST SRD 141, promethium."
Pm,DFT LSD Ekin,9647.298194,verified,"Sheet had Pr's values. NIST SRD 141, promethium."
Pm,DFT LSD Ecoul,3807.735378,verified,"Sheet had Pr's values. NIST SRD 141, promethium."
Pm,DFT LSD Eenuc,-22892.288824,verified,"Sheet had Pr's values. NIST SRD 141, promethium."
Pm,DFT LSD Exc,-214.381068,verified,"Sheet had Pr's values. NIST SRD 141, promethium."
Pm,DFT RLDA Etot,-10003.863756,verified,"Sheet had Pr's values. NIST SRD 141, promethium."
Pm,DFT RLDA Ekin,10783.616266,verified,"Sheet had Pr's values. NIST SRD 141, promethium."
Pm,DFT RLDA Ecoul,3889.128004,verified,"Sheet had Pr's values. NIST SRD 141, promethium."
Pm,DFT RLDA Eenuc,-24470.563306,verified,"Sheet had Pr's values. NIST SRD 141, promethium."
Pm,DFT RLDA Exc,-206.044719,verified,"Sheet had Pr's values. NIST SRD 141, promethium."
Pm,DFT ScRLDA Etot,-9997.413383,verified,"Sheet had Pr's values. NIST SRD 141, promethium."
Pm,DFT ScRLDA Ekin,10630.514309,verified,"Sheet had Pr's values. NIST SRD 141, promethium."
Pm,DFT ScRLDA Ecoul,3880.708012,verified,"Sheet had Pr's values. NIST SRD 141, promethium."
Pm,DFT ScRLDA Eenuc,-24303.174656,verified,"Sheet had Pr's values. NIST SRD 141, promethium."
Pm,DFT ScRLDA Exc,-205.461048,verified,"Sheet had Pr's values. NIST SRD 141, promethium."
Si,Covalent CSD radius,1.11,verified,Sheet had 0.11. Cordero et al. 2008: 1.11 Å (also in mendeleev).
Ce,Electron affinity (ev),0.6586,verified,Sheet had 6.586 (×10 slip). mendeleev: 0.65 eV.
P,1st Bohr radius (a0),0.5752,assumed,"Sheet had 5.752; assumed ×10 slip (Si 0.652, Cl 0.517). Please check the source."
S,1st Bohr radius (a0),0.5787,assumed,"Sheet had 5.787; assumed ×10 slip (Si 0.652, Cl 0.517). Please check the source."
Pd,Gordy EN,,excluded,Sheet has 6.68 vs 1.9–3.3 for neighbors; hidden until checked.
B,Resistivity (mΩ),,reviewed,"Reviewed: insulator/semiconductor among metals; resistivity × conductivity = 1, so deliberate."
B,Electrical Conductivity  (S/m),,reviewed,"Reviewed: insulator/semiconductor among metals; resistivity × conductivity = 1, so deliberate."
S,Resistivity (mΩ),,reviewed,"Reviewed: insulator/semiconductor among metals; resistivity × conductivity = 1, so deliberate."
S,Electrical Conductivity  (S/m),,reviewed,"Reviewed: insulator/semiconductor among metals; resistivity × conductivity = 1, so deliberate."
Cl,Resistivity (mΩ),,reviewed,"Reviewed: insulator/semiconductor among metals; resistivity × conductivity = 1, so deliberate."
Cl,Electrical Conductivity  (S/m),,reviewed,"Reviewed: insulator/semiconductor among metals; resistivity × conductivity = 1, so deliberate."
Br,Resistivity (mΩ),,reviewed,"Reviewed: insulator/semiconductor among metals; resistivity × conductivity = 1, so deliberate."
Br,Electrical Conductivity  (S/m),,reviewed,"Reviewed: insulator/semiconductor among metals; resistivity × conductivity = 1, so deliberate."
I,Resistivity (mΩ),,reviewed,"Reviewed: insulator/semiconductor among metals; resistivity × conductivity = 1, so deliberate."
I,Electrical Conductivity  (S/m),,reviewed,"Reviewed: insulator/semiconductor among metals; resistivity × conductivity = 1, so deliberate."
